Date,Sales,Promo,Customers,Open,SchoolHoliday
2014-04-02,8314447,1115,884087,1113,0
2013-06-13,6044207,0,739896,1111,0
2013-11-04,10568398,1115,1018154,1115,0
2014-12-21,259248,0,40226,27,0
2014-12-10,5909802,0,669779,935,0
2013-06-15,6144832,0,704128,1111,0
2014-04-09,6410230,0,764528,1114,22
2013-09-03,6322579,0,780680,1110,539
2013-03-06,8062941,1115,877406,1109,28
2014-11-22,5522528,0,629622,935,0
2014-08-11,5850906,0,707753,933,935
2013-01-11,8039306,1115,877397,1105,112
2014-11-10,8095306,935,840079,935,0
2014-10-08,6869767,935,732067,934,322
2014-04-13,241475,0,42162,31,22
2013-09-29,228875,0,40267,33,0
2013-11-02,7410509,0,813168,1115,0
2013-09-01,250990,0,42368,33,0
2015-01-08,7646645,1115,787890,1115,112
2014-10-29,5285015,0,636348,935,470
2014-01-23,7625568,1115,816995,1110,0
2015-06-04,3534231,1115,398780,432,253
2013-11-30,8614478,0,908611,1115,0
2013-07-06,5927036,0,691010,1111,134
2014-07-21,5690785,0,670245,927,688
2015-07-31,10109742,1115,968620,1113,935
2015-03-22,235852,0,40320,31,0
2014-04-19,8428009,0,948290,1115,134
2013-04-30,10565093,1115,1084203,1110,0
2013-05-30,3422824,1115,393933,429,253
2013-11-15,6741987,0,790440,1115,0
2015-03-06,8504508,1115,899465,1113,28
2013-12-09,7607576,0,872942,1115,0
2015-06-20,6390661,0,699305,1114,0
2014-04-21,240988,0,43421,32,1031
2013-07-22,6285621,0,769064,1114,862
2014-02-02,214940,0,36895,18,0
2015-03-19,8073881,1115,857612,1113,0
2015-04-08,6790649,0,791580,1115,1031
2014-11-18,5367537,0,648585,935,0
2013-01-15,5512591,0,690047,1105,0
2013-02-26,5671238,0,709154,1112,0
2014-12-28,218071,0,35244,23,134
2013-08-29,7970501,1115,865299,1112,539
2014-07-26,4887412,0,568168,931,0
2014-03-15,6310072,0,704305,1111,0
2014-01-13,6089929,0,758082,1112,0
2015-06-30,11483932,1115,1028931,1115,286
2014-07-11,5791635,0,691330,932,406
2014-06-25,5977803,0,718558,1111,0
2014-07-05,5377184,0,611223,932,0
2013-06-06,7646668,1115,860253,1109,0
2013-04-13,6024315,0,711341,1109,0
2013-12-20,12334496,1115,1219287,1115,28
2013-03-01,7244231,0,839658,1112,0
2013-11-19,8895888,1115,918755,1115,0
2013-01-08,8749437,1115,904564,1105,112
2014-07-19,4689269,0,552395,927,0
2013-02-21,7611880,1115,824817,1111,36
2013-05-13,9826496,1115,1005960,1112,56
2014-03-18,8426401,1115,881600,1112,0
2014-01-11,6231179,0,709633,1112,0
2014-04-11,6910251,0,813960,1115,22
2015-06-21,249849,0,42139,32,0
2013-05-17,8225841,1115,906276,1112,56
2014-03-08,6075937,0,715477,1115,0
2014-06-06,8857173,1115,950044,1113,56
2014-05-22,7517793,1115,833380,1113,0
2013-04-18,5726233,0,730564,1109,0
2014-10-07,7332784,935,763609,935,322
2014-06-03,9598519,1115,966071,1112,56
2013-10-02,7168893,0,864349,1115,120
2015-04-01,11102030,1115,1032568,1115,956
2015-01-12,9840664,1115,960598,1115,0
2013-01-05,5951593,0,687472,1107,112
2013-05-19,226808,0,40462,31,0
2013-10-04,8196635,0,945977,1115,297
2014-07-28,8536879,935,834087,931,840
2013-04-04,6496112,0,789540,1109,1009
2013-12-26,188597,0,30762,19,1115
2014-03-31,12062933,1115,1125153,1114,0
2014-09-24,4805992,0,609887,934,0
2013-05-12,215592,0,38757,31,0
2015-05-31,278690,0,45179,32,0
2015-01-21,5882045,0,707483,1114,0
2013-04-06,6171054,0,714351,1109,0
2013-06-09,226250,0,39873,31,0
2014-06-22,230668,0,41392,32,0
2013-10-30,6970004,0,821116,1115,650
2014-04-17,10357418,1115,1109623,1115,976
2013-07-03,8416942,1115,873625,1110,257
2013-06-12,5961024,0,733378,1111,0
2014-01-31,7935853,0,875811,1113,22
2015-03-23,6788834,0,798640,1114,0
2013-08-13,9179490,1115,950342,1115,858
2013-05-29,8885059,1115,908773,1112,253
2015-01-30,9454954,1115,934354,1114,0
2013-01-29,5452668,0,670523,1107,0
2013-05-05,200337,0,38101,32,0
2014-12-29,7291426,0,800123,935,935
2013-10-08,8949093,1115,929711,1115,297
2013-04-29,10040182,1115,1011283,1110,0
2015-05-03,249207,0,42447,33,0
2015-05-25,299473,0,49127,33,0
2015-05-08,8665512,1115,913318,1114,0
2013-05-16,7884887,1115,869585,1112,56
2015-03-01,228942,0,38174,19,0
2015-02-19,8031173,1115,851005,1113,255
2014-05-17,6052688,0,700008,1114,0
2014-10-15,5110401,0,632354,935,465
2013-10-15,5864402,0,712941,1115,289
2014-07-08,5119383,0,613274,932,286
2014-12-12,6501211,0,713276,935,0
2014-09-15,8724338,935,879241,932,0
2013-04-11,7580421,1115,841356,1108,0
2014-04-28,10667908,1115,1046696,1114,179
2014-07-29,7323566,935,748017,931,840
2013-02-03,171565,0,30349,19,0
2015-01-02,7561431,0,833452,1115,1115
2014-03-24,6506590,0,779249,1109,0
2014-10-16,5179446,0,639641,935,465
2013-06-07,7967656,1115,890566,1109,0
2013-05-23,6209485,0,756187,1112,253
2013-05-08,7693180,0,918105,1111,28
2013-09-23,9449348,1115,967001,1114,0
2014-11-25,7868758,935,806156,935,0
2014-07-13,268130,0,44688,31,0
2013-11-24,198110,0,34995,17,0
2014-08-22,6638319,935,740207,931,621
2014-08-10,249646,0,43391,31,134
2013-07-12,6699439,0,790991,1112,409
2014-05-10,6828031,0,775352,1114,0
2014-08-25,5750763,0,709524,931,414
2014-07-06,241423,0,44139,31,0
2014-09-23,4977122,0,637445,933,0
2013-06-10,6667460,0,806250,1111,0
2015-07-26,285865,0,46990,32,22
2014-06-21,6065789,0,700770,1113,0
2014-11-29,7305547,0,768690,935,0
2014-04-03,8215262,1115,886014,1113,22
2014-09-29,8548286,935,856532,934,0
2014-07-04,6518718,935,738258,931,0
2013-07-29,11299276,1115,1060574,1114,935
2013-11-18,10528615,1115,1035495,1115,0
2015-01-09,7945387,1115,817211,1115,112
2013-09-06,6121373,0,753490,1110,253
2013-01-06,143904,0,26387,19,112
2014-05-13,6128627,0,751507,1114,0
2015-04-25,6305451,0,696241,1115,0
2013-07-15,11484803,1115,1090839,1113,576
2014-03-30,207045,0,38245,30,0
2015-06-16,9636747,1115,938541,1114,0
2013-01-17,5386564,0,673066,1107,0
2014-01-05,184905,0,32322,22,112
2014-02-01,6934170,0,741526,1113,0
2014-12-17,9483386,935,891212,935,0
2014-04-01,9114237,1115,946518,1114,0
2014-02-11,6056843,0,755240,1112,56
2013-08-08,6430437,0,770607,1106,858
2014-06-27,6910940,0,798397,1112,0
2014-07-30,7468663,935,757515,931,840
2013-03-19,8528292,1115,887823,1111,22
2015-04-07,7896155,0,912879,1115,1031
2015-07-25,6021666,0,643434,1113,22
2013-08-21,5696932,0,716191,1113,706
2014-01-10,8548672,1115,916235,1115,112
2014-05-09,8722646,1115,928988,1114,0
2015-05-10,251720,0,42202,32,0
2015-03-18,7993269,1115,844906,1112,0
2015-07-02,8446293,1115,864389,1114,286
2013-10-20,208367,0,37774,31,112
2014-08-28,5355611,0,657559,930,414
2013-01-04,6638954,0,782137,1108,1040
2013-11-20,7472513,1115,787897,1040,0
2013-11-16,6605960,0,736692,1115,0
2015-05-12,6686277,0,782603,1114,28
2014-01-08,8643239,1115,894254,1115,112
2013-12-10,7458243,0,857397,1115,0
2015-07-11,6262022,0,689285,1113,0
2013-12-12,7520198,0,850768,1115,0
2014-12-15,12133381,935,1054956,935,0
2014-01-01,118108,0,21925,18,1115
2013-11-05,9306571,1115,952191,1115,0
2015-07-15,8756137,1115,880247,1113,453
2013-09-04,5985810,0,749766,1110,253
2013-04-19,6349901,0,773215,1109,0
2013-06-23,224608,0,39661,31,0
2015-05-04,10995906,1115,1065526,1114,0
2013-04-23,8047511,1115,873417,1109,0
2014-02-04,9651472,1115,968587,1113,148
2013-03-24,191036,0,34607,28,22
2013-03-09,6061383,0,695319,1109,0
2014-03-10,6204784,0,778982,1112,28
2013-10-25,7589058,1115,849316,1115,565
2014-01-16,5720266,0,700350,1110,0
2014-08-27,5167298,0,646420,930,414
2015-07-05,269248,0,47757,33,0
2013-02-10,172564,0,31698,18,0
2015-01-15,7774935,1115,818837,1115,0
2015-03-12,6376255,0,748692,1112,28
2013-01-19,6010192,0,679374,1107,0
2014-06-20,9683407,1115,1005406,1113,253
2014-01-21,8475207,1115,851491,1110,0
2013-01-21,8761074,1115,884062,1107,0
2015-01-26,9401803,1115,921416,1114,0
2015-01-03,6150311,0,674126,1115,112
2015-03-09,6765029,0,795201,1113,28
2015-07-30,8798854,1115,858547,1113,935
2013-08-23,6035936,0,746418,1113,706
2013-01-22,8320289,1115,868642,1107,0
2014-05-31,6880606,0,762489,1112,0
2013-09-28,6245049,0,712937,1115,0
2013-01-09,7746603,1115,816709,1105,112
2015-01-31,7354597,0,771941,1114,0
2013-06-17,10191372,1115,1024967,1113,0
2015-07-04,6054276,0,667899,1114,0
2015-03-16,10877344,1115,1046420,1113,0
2015-05-01,264231,1115,42819,20,0
2013-10-12,6203651,0,709747,1115,22
2014-06-13,7068339,0,815619,1113,253
2014-08-31,274884,0,44235,31,134
2015-02-02,10291172,1115,1008221,1114,206
2015-07-08,6915625,0,771409,1114,286
2013-03-02,6779350,0,762452,1112,0
2015-07-21,6356482,0,738827,1113,688
2013-04-16,5668517,0,729645,1109,0
2013-06-18,8100286,1115,873421,1113,0
2014-02-12,6046448,0,748447,1113,56
2014-08-19,7698449,935,800967,934,935
2015-05-14,289247,0,47393,32,28
2013-03-16,6459058,0,733085,1110,0
2014-08-08,6571862,935,728811,933,935
2014-11-16,203453,0,35060,16,0
2013-04-01,241076,0,41594,31,1031
2015-02-25,6028364,0,720287,1113,0
2013-09-21,5745122,0,681199,1114,0
2014-03-01,7088957,0,781917,1115,0
2013-07-18,8092686,1115,876113,1113,576
2014-07-10,5729302,0,694278,932,406
2013-10-11,8141538,1115,867610,1115,297
2014-07-16,7177840,935,758629,927,521
2013-06-05,7683188,1115,849201,1110,0
2014-03-23,217517,0,39261,30,0
2013-05-28,8390312,1115,888040,1112,253
2013-09-08,225500,0,39630,32,0
2013-01-10,7751485,1115,844384,1105,112
2015-07-06,7540473,0,847590,1114,286
2014-06-09,288181,0,52481,34,0
2014-04-25,6219955,0,760617,1114,1009
2013-02-27,6008503,0,722458,1112,0
2015-02-16,9321996,1115,886399,1083,255
2013-06-01,6907750,0,764268,1112,0
2014-08-01,7544719,935,802329,932,935
2013-08-20,5989832,0,746497,1113,706
2015-02-03,8904680,1115,908273,1114,206
2015-04-05,217211,0,36928,32,134
2013-05-31,10913876,1115,1081196,1112,253
2013-06-22,6189413,0,710334,1112,0
2013-02-22,7840974,1115,847496,1112,36
2013-07-27,5448670,0,633102,1114,134
2014-10-26,219359,0,38947,30,112
2014-02-27,6006428,0,726638,1113,75
2013-09-02,6834913,0,817928,1112,539
2014-08-24,248837,0,42329,31,134
2014-09-18,6397477,935,721411,932,0
2014-05-02,11310699,1115,1141048,1114,293
2013-08-04,252848,0,44662,32,134
2015-07-20,7339321,0,822322,1113,688
2013-03-05,8943536,1115,944806,1109,28
2015-06-24,6257424,0,731349,1114,0
2014-10-13,5445980,0,678351,935,465
2015-02-11,6393495,0,763412,1115,131
2013-04-14,182641,0,35242,31,0
2014-06-28,6586535,0,716868,1112,0
2015-01-07,8621857,1115,875379,1115,152
2014-05-07,8451824,1115,878000,1114,0
2013-10-24,7378657,1115,833168,1115,565
2013-04-26,7652433,1115,843014,1110,0
2015-06-23,6292372,0,732852,1114,0
2014-09-30,8893788,935,877635,934,0
2014-09-14,243543,0,41672,31,0
2013-11-23,6593077,0,740157,1115,0
2015-01-01,130162,0,23049,18,1115
2013-05-04,6487719,0,752844,1111,0
2015-04-17,8738327,1115,898600,1115,115
2013-08-31,6458023,0,728094,1113,0
2014-08-12,5281785,0,648622,933,935
2015-03-28,6829093,0,733408,1115,22
2013-10-01,6677200,0,804037,1115,120
2014-09-28,220642,0,39230,32,0
2014-01-06,8661727,1115,834045,809,553
2014-12-23,10712124,0,1130310,935,935
2013-03-31,176418,0,30772,30,0
2013-09-07,5795003,0,680941,1111,0
2015-04-13,11075002,1115,1043979,1115,115
2013-12-14,7938245,0,844563,1115,0
2013-08-07,6414477,0,766591,1113,880
2013-02-28,7108972,0,819576,1112,0
2015-01-25,179028,0,31891,17,0
2014-03-03,10254710,1115,980471,1084,208
2014-04-23,5997676,0,745429,1114,1009
2014-07-15,7684994,935,788768,927,521
2013-05-07,6697752,0,802206,1111,28
2015-07-13,10841267,1115,1004988,1113,453
2015-07-01,8989672,1115,894404,1115,286
2014-12-27,5710292,0,654005,935,134
2014-07-03,7204662,935,795167,932,0
2015-03-13,6942094,0,784087,1112,28
2013-09-14,5894325,0,693776,1113,0
2013-10-14,6571405,0,796483,1115,289
2015-05-06,8633577,1115,879193,1113,0
2015-03-20,8291098,1115,873548,1114,0
2014-07-22,5274595,0,643305,927,688
2014-09-16,7191134,935,773733,932,0
2015-05-18,10603240,1115,1025750,1115,56
2013-01-26,5848770,0,667571,1108,0
2015-02-27,7778945,0,835001,1113,0
2015-04-11,6445499,0,710360,1115,0
2014-01-25,5986034,0,684990,1112,0
2014-11-28,9172722,935,905259,935,0
2015-04-29,9517703,1115,939254,1115,0
2013-08-17,5584570,0,665213,1113,0
2013-03-10,164917,0,29963,21,0
2013-02-17,174467,0,31943,19,0
2014-05-14,6141038,0,744235,1114,0
2014-05-16,6515173,0,784919,1114,0
2015-04-10,6669239,0,779693,1115,1031
2015-06-22,6552538,0,753428,1114,0
2013-04-27,6308284,0,713490,1109,0
2013-05-03,8967338,1115,975031,1111,28
2014-08-23,4958030,0,588340,930,134
2013-09-17,5785061,0,733944,1113,0
2015-07-24,6601325,0,754252,1113,710
2015-03-17,8792886,1115,907259,1113,0
2013-04-17,5556697,0,713577,1109,0
2015-06-25,6211764,0,732294,1114,0
2015-06-11,6553081,0,766056,1115,0
2013-11-10,187852,0,34576,17,0
2015-06-03,9731791,1115,971728,1114,253
2014-03-09,187110,0,37147,20,0
2013-12-21,10165366,0,1053248,1115,0
2014-06-30,13308602,1115,1189439,1112,0
2013-11-28,7262197,0,813496,1115,0
2013-11-22,8199106,1115,886710,1115,0
2014-11-17,5849735,0,709733,935,0
2014-09-11,5288519,0,655480,932,73
2014-03-05,8802968,1115,915031,1115,208
2014-09-10,5220667,0,644590,931,95
2014-02-09,190226,0,35021,17,0
2014-12-26,205238,0,32180,19,935
2014-04-07,6624706,0,808791,1114,22
2015-04-03,242473,1115,39490,17,1031
2013-10-19,5868927,0,689293,1115,112
2013-09-12,8096007,1115,880642,1112,0
2014-10-11,5190193,0,608743,935,0
2014-12-24,4612716,0,499900,935,935
2013-10-28,5831815,0,726542,1115,650
2014-03-27,6024721,0,729455,1110,0
2015-02-17,8299474,1115,838296,1111,255
2015-05-11,6732629,0,800067,1114,28
2014-10-21,6677374,935,719784,935,462
2014-06-26,5802491,0,706020,1111,0
2013-11-09,6566741,0,741586,1115,0
2015-07-10,7064909,0,798748,1114,286
2015-05-23,6773815,0,740456,1115,0
2014-08-21,6616202,935,738275,934,621
2013-12-28,6726568,0,758154,1115,134
2013-07-07,234369,0,44003,32,134
2013-10-21,9833873,1115,1007327,1115,565
2013-03-13,5830737,0,711036,1109,28
2013-10-09,8089729,1115,858684,1115,297
2013-12-31,4534864,0,531392,1115,1115
2014-07-14,8607714,935,844792,927,521
2015-07-29,8499962,1115,828524,1113,862
2014-05-27,6286135,0,734810,1113,0
2013-03-28,11417987,1115,1177111,1110,1012
2013-08-19,6391105,0,779212,1113,706
2013-08-25,225182,0,41185,32,0
2013-08-16,8137427,1115,901419,1113,858
2014-10-02,8155792,935,889705,934,0
2015-01-06,6791481,1115,705935,809,581
2013-01-18,6137010,0,740203,1106,0
2013-03-03,195229,0,34977,21,0
2014-02-07,8075318,1115,863398,1113,148
2013-06-20,7353311,1115,807747,1113,120
2013-07-19,8376476,1115,908361,1114,576
2014-11-09,177774,0,31403,17,0
2013-03-08,8118153,1115,894141,1109,28
2015-01-05,11303805,1115,1086836,1115,912
2014-06-04,8807342,1115,902840,1113,56
2013-04-10,7698779,1115,830819,1109,0
2014-02-17,10675316,1115,1052877,1114,111
2014-05-15,6252912,0,759575,1114,0
2014-10-27,5508341,0,684089,935,470
2015-01-18,195778,0,33854,17,0
2014-04-15,10668363,1115,1041972,1115,861
2013-04-20,6006147,0,700925,1109,0
2015-03-25,6073784,0,718390,1114,22
2014-09-03,7170145,935,764960,929,303
2014-04-27,219630,0,39223,32,0
2013-10-05,6142021,0,706614,1115,22
2014-01-30,6313068,0,744214,1113,22
2014-07-12,5329624,0,606010,929,0
2013-02-18,10703641,1115,1055106,1111,36
2014-05-01,238077,1115,39554,20,179
2015-04-09,6560475,0,778310,1112,1031
2013-07-24,5966755,0,717449,1114,862
2015-01-17,6525692,0,722888,1115,0
2014-01-12,175744,0,31433,17,0
2015-04-27,10605500,1115,996696,1115,0
2013-11-14,6140303,0,739223,1115,0
2013-05-21,7204456,0,865862,1111,728
2015-04-06,272921,0,46082,32,1031
2013-02-14,6422292,0,779567,1109,255
2014-05-05,10797063,1115,1067972,1115,0
2013-05-26,201681,0,36076,31,0
2013-05-20,253936,0,44288,33,75
2013-10-06,217293,0,38215,31,22
2015-05-27,6876443,0,778621,1115,253
2014-03-29,6248819,0,707761,1112,0
2014-09-02,7854744,935,816602,929,303
2014-09-20,4915671,0,589198,933,0
2013-10-17,5861163,0,719827,1115,289
2014-08-17,255808,0,43116,31,134
2014-03-12,5795093,0,723583,1113,28
2014-02-15,6293698,0,718465,1114,0
2014-04-05,6560749,0,731475,1114,22
2014-03-13,5898902,0,733410,1111,28
2015-01-20,5744162,0,703317,1114,0
2013-01-07,10826848,1115,1058495,1106,112
2015-03-21,6398094,0,696550,1113,0
2015-02-04,8136074,1115,846539,1113,184
2014-07-17,6837176,935,745735,927,521
2013-11-17,194615,0,34381,17,0
2013-09-10,8946722,1115,909871,1111,180
2015-05-15,8596524,0,938343,1115,424
2014-06-01,264670,0,45153,33,0
2013-05-15,7767784,1115,852041,1112,56
2013-10-10,7809827,1115,842255,1115,297
2013-04-22,9542000,1115,988277,1109,0
2015-03-26,6362734,0,736748,1115,62
2014-09-01,9737203,935,950038,928,303
2014-04-12,6388099,0,726704,1115,22
2013-05-18,6410461,0,739439,1112,0
2015-05-16,6497847,0,709961,1115,0
2013-06-03,10144989,1115,1031251,1111,0
2015-02-21,6290922,0,700363,1113,0
2013-08-05,7169893,0,851752,1113,880
2013-05-02,9884371,1115,1046612,1111,28
2015-07-09,6938182,0,783525,1114,286
2014-11-20,5575878,0,668680,934,0
2015-06-18,8191358,1115,840098,1114,0
2013-03-14,6098093,0,738971,1109,28
2013-10-03,285518,0,48103,40,120
2013-10-13,227064,0,39547,31,22
2013-12-04,10203870,1115,989019,1115,0
2014-08-16,5021534,0,583129,934,134
2015-03-02,10933146,1115,1038703,1113,28
2015-04-20,6588863,0,794027,1115,0
2014-10-30,6271893,0,734111,935,470
2013-12-24,5232808,0,580313,1115,1115
2015-03-14,6625997,0,712331,1113,0
2014-08-04,9062750,935,888967,932,935
2013-08-12,11137198,1115,1095755,1115,858
2014-10-14,5213744,0,656183,935,465
2014-11-02,213741,0,38010,17,0
2015-06-01,11743615,1115,1075005,1115,253
2014-07-18,6647315,935,735098,927,521
2014-10-01,7702334,935,813279,935,0
2014-06-23,6604967,0,802029,1112,0
2015-03-07,6565020,0,731761,1113,0
2014-12-31,3895591,0,442847,935,935
2013-03-04,11072682,1115,1097894,1111,28
2015-04-04,9366558,0,985462,1115,134
2015-07-14,9340405,1115,912004,1113,453
2014-04-22,6971756,0,850700,1114,1031
2014-04-26,5968493,0,687942,1114,0
2014-07-01,8240050,935,849874,933,0
2013-06-02,238144,0,41220,32,0
2014-12-06,6479401,0,722727,935,0
2015-04-21,6039464,0,739265,1115,0
2015-01-11,183367,0,31872,17,0
2014-11-24,9020315,935,890119,935,0
2015-06-02,9925193,1115,956819,1115,253
2014-04-10,6524511,0,779628,1115,22
2014-01-26,160153,0,30422,17,0
2013-03-29,213921,1115,35775,16,1087
2014-10-18,4945733,0,585152,935,0
2013-05-24,6483138,0,783354,1112,253
2013-07-31,10293490,1115,1012667,1114,1115
2015-02-26,6471718,0,754534,1113,0
2014-08-26,5056366,0,630404,931,414
2014-02-14,7086640,0,840906,1114,0
2014-05-30,9846892,0,1043166,1113,424
2013-02-11,5517060,0,679056,1076,255
2015-06-06,6478518,0,714799,1115,0
2013-11-08,8443830,1115,911685,1115,0
2013-02-23,5637945,0,650724,1112,0
2014-03-11,5906003,0,740799,1112,28
2013-01-03,6347820,0,761040,1109,1040
2013-11-07,7951819,1115,857946,1115,0
2014-02-28,7874307,0,878227,1114,75
2014-11-12,6686356,935,724061,935,0
2015-01-27,8392342,1115,861505,1114,0
2014-02-23,185005,0,34851,18,0
2014-09-09,5259862,0,655524,929,95
2014-06-17,9295150,1115,946295,1113,253
2013-05-11,6658662,0,770286,1112,0
2013-06-24,6511212,0,791714,1112,235
2014-01-20,10648819,1115,1001444,1110,0
2014-10-17,5449686,0,668947,935,465
2014-11-14,7064885,935,770203,935,0
2013-01-25,7780789,1115,847691,1108,0
2013-08-22,5759988,0,726355,1113,706
2015-02-09,6477197,0,770619,1115,131
2014-05-12,6383523,0,780714,1114,0
2013-09-09,11058017,1115,1059134,1111,180
2014-07-09,4959489,0,594373,932,378
2013-05-09,233215,0,41089,30,28
2013-03-23,6337911,0,713493,1111,22
2015-05-02,8764984,0,915373,1115,0
2014-10-10,7047404,935,777828,935,322
2014-05-11,242817,0,41961,32,0
2015-02-24,6021986,0,728587,1113,0
2013-08-30,9221577,1115,971094,1114,539
2014-01-29,5809489,0,692939,1113,0
2014-10-28,5163755,0,640927,934,470
2014-01-22,7970289,1115,832078,1110,0
2015-03-05,8263354,1115,872720,1113,28
2014-02-05,8456987,1115,874257,1113,148
2015-05-19,8925994,1115,899009,1115,56
2014-10-24,6523289,935,747373,935,462
2015-03-03,9234921,1115,924885,1113,28
2013-09-15,224076,0,39654,32,0
2014-04-18,222365,1115,38237,17,995
2013-05-22,6085235,0,728918,1112,328
2014-11-27,7867510,935,803771,935,0
2013-12-18,12189674,1115,1158335,1115,0
2015-05-26,7776413,0,873761,1115,653
2014-03-26,5840946,0,706845,1110,0
2015-03-11,6272025,0,736261,1112,28
2013-11-01,3940492,0,475218,543,397
2014-10-25,4894704,0,583760,935,112
2015-03-04,8421680,1115,862366,1113,28
2014-04-16,10024850,1115,1024616,1115,976
2014-04-30,10841040,1115,1097830,1115,179
2014-07-20,248092,0,44706,31,0
2014-09-26,5320736,0,651404,934,0
2013-10-31,6807674,0,795543,951,577
2013-12-30,10192135,0,1117442,1115,1115
2014-11-03,9953793,935,958343,935,22
2013-12-17,13053993,1115,1198877,1115,0
2015-06-15,11570100,1115,1059425,1114,0
2013-12-01,220033,0,37733,17,0
2015-07-12,277047,0,45392,32,0
2014-01-07,10456932,1115,1037300,1115,438
2013-07-09,6157174,0,752882,1112,409
2014-09-05,6908744,935,764486,930,247
2014-10-20,8078830,935,841553,935,462
2013-12-25,142585,0,24022,17,1115
2014-10-31,6106412,0,707142,772,397
2013-02-02,6781741,0,746460,1109,0
2013-12-13,8012317,0,887006,1115,0
2013-06-16,225065,0,40388,31,0
2014-11-15,5576429,0,632085,935,0
2013-09-19,5797033,0,734083,1114,0
2013-09-05,5843845,0,736801,1110,253
2013-05-14,8662237,1115,925698,1112,56
2014-09-13,5134569,0,600531,932,0
2013-01-20,151600,0,28040,19,0
2013-01-12,6017491,0,697757,1105,0
2013-03-27,9674698,1115,1001042,1110,1012
2014-10-06,9028634,935,903887,935,322
2013-03-26,9305505,1115,964981,1110,1012
2013-07-16,9157994,1115,933479,1113,576
2013-04-15,5711125,0,742981,1109,0
2014-11-13,6750180,935,741568,935,0
2014-06-29,257513,0,42236,32,0
2015-03-08,201341,0,37580,20,0
2013-02-07,7430076,1115,821626,1108,223
2014-02-03,11757740,1115,1099528,1113,148
2013-07-30,10064515,1115,980897,1114,935
2015-07-07,6393024,0,743604,1114,286
2014-09-27,4975386,0,589743,934,0
2013-04-28,205232,0,37232,31,0
2015-07-22,6110388,0,710055,1113,688
2015-04-12,244956,0,41948,32,0
2015-04-30,11327847,1115,1113383,1115,0
2014-12-13,6779226,0,732197,935,0
2014-08-30,5643050,0,633056,928,134
2013-04-25,7121467,1115,818307,1110,0
2015-05-09,7157061,0,779642,1114,0
2014-06-11,6688764,0,778255,1113,253
2014-08-07,6772684,935,742333,932,935
2013-12-23,14350056,0,1518600,1115,1115
2013-11-26,6673704,0,777337,1115,0
2015-05-13,8147927,0,924442,1114,28
2013-02-15,6255053,0,747284,1110,255
2014-11-04,8181287,935,829606,935,22
2014-12-11,6156944,0,695007,935,0
2015-06-12,6606431,0,765201,1114,0
2014-10-05,225796,0,39187,30,0
2015-03-27,7078009,0,786578,1115,62
2013-06-11,6201425,0,761268,1111,0
2015-01-22,5933913,0,710747,1114,0
2014-08-09,4938926,0,576746,933,134
2015-05-20,8355497,1115,850503,1115,56
2015-06-17,8618478,1115,869642,1114,0
2015-02-28,7421745,0,784585,1113,0
2014-08-02,5300445,0,603325,932,134
2014-06-18,9059505,1115,953404,1113,253
2014-07-24,5179026,0,627028,930,688
2013-12-22,263979,0,41248,28,0
2014-12-18,9808212,935,962561,935,0
2013-04-03,6406442,0,778768,1109,1009
2014-03-28,6822072,0,792762,1111,0
2014-11-21,5816514,0,688304,935,0
2014-02-10,6451410,0,799112,1112,56
2013-10-23,7416700,1115,816017,1115,565
2015-02-01,225556,0,37415,18,0
2015-01-19,6386391,0,774440,1114,0
2015-02-23,5984980,0,719140,1113,0
2013-02-16,6162142,0,704367,1110,0
2014-05-08,8356504,1115,886932,1114,0
2015-02-07,6594669,0,722983,1115,0
2014-09-12,5479788,0,663022,932,73
2014-02-06,8226263,1115,887136,1113,148
2013-08-10,5881545,0,681555,1115,112
2014-05-23,8177009,1115,875454,1113,0
2015-05-29,8372820,0,886423,1115,253
2014-01-24,7851977,1115,841433,1112,0
2013-10-27,218159,0,39427,31,0
2015-06-13,6510261,0,705240,1114,0
2015-02-15,217257,0,38100,18,0
2014-10-04,6426083,0,726851,934,0
2014-06-15,238273,0,41605,32,0
2014-11-23,198298,0,35099,16,0
2014-05-18,234786,0,42078,32,0
2013-07-25,6065761,0,736248,1114,935
2014-10-22,6129832,935,673288,935,462
2015-01-23,6326166,0,741005,1114,0
2014-08-05,7530345,935,788799,932,935
2014-08-29,6562758,0,746394,928,414
2014-12-19,9518489,935,931008,935,0
2014-08-18,9250961,935,903752,934,935
2014-12-05,9801856,935,962959,935,0
2014-01-15,5779426,0,708232,1111,0
2014-09-21,242302,0,41461,31,0
2015-05-30,7546769,0,776523,1115,0
2014-03-02,225564,0,39452,19,0
2014-06-07,6731210,0,772417,1113,0
2013-01-01,97235,0,19491,17,1114
2014-09-19,6550530,935,740984,932,0
2014-04-29,9457130,1115,953790,1115,179
2013-03-21,7897067,1115,861321,1111,62
2014-05-04,227506,0,40401,33,0
2014-03-04,9211960,1115,937072,1112,208
2013-05-01,200972,1115,34845,18,0
2015-01-14,7881690,1115,816263,1115,0
2013-12-16,15623548,1115,1340280,1115,0
2015-02-18,8058390,1115,839000,1112,255
2015-03-30,12371453,1115,1064757,1115,841
2015-04-15,8002511,1115,836546,1113,115
2013-12-02,12972440,1115,1199202,1115,0
2013-02-20,7759768,1115,829354,1111,36
2015-01-10,6277742,0,679177,1115,0
2014-04-14,11683139,1115,1089929,1115,861
2014-01-17,6332625,0,764681,1110,0
2013-03-12,5338418,0,660813,1109,28
2014-05-24,6130815,0,702044,1113,0
2014-06-19,3307766,1115,386276,429,253
2013-03-07,7981811,1115,877268,1109,28
2014-01-19,175778,0,32218,17,0
2013-02-24,159057,0,30107,20,0
2014-05-28,7944392,0,887635,1113,0
2014-07-07,6059587,0,733291,932,286
2013-02-19,7988672,1115,832307,1111,36
2015-02-10,6345089,0,760174,1115,131
2014-01-09,8016642,1115,855056,1115,112
2013-09-26,7489318,1115,826372,1115,0
2014-08-13,5149918,0,629234,933,935
2015-03-29,226242,0,37299,32,22
2013-01-14,5886788,0,734601,1105,0
2013-01-24,7439836,1115,811738,1108,0
2015-07-03,8530388,1115,874644,1114,286
2013-03-15,6783348,0,798499,1109,28
2013-12-19,11740273,1115,1154752,1115,28
2014-06-08,275989,0,50042,32,0
2013-06-19,7243757,1115,801809,1113,92
2014-09-25,4969583,0,627718,934,0
2013-03-30,9380402,0,1020089,1111,0
2015-01-04,197193,0,33860,22,112
2014-02-22,6123882,0,708749,1114,0
2015-05-17,255680,0,43701,32,0
2013-11-29,8803269,0,926234,1115,0
2013-11-21,8084449,1115,870146,1115,0
2015-02-05,7973916,1115,845035,1114,184
2015-05-05,8778928,1115,886062,1113,0
2015-01-13,8538569,1115,877468,1115,0
2013-09-27,8267396,1115,896964,1115,0
2015-07-28,9115073,1115,876092,1113,862
2014-07-02,7708595,935,812232,932,0
2013-08-09,6589299,0,781132,1115,858
2013-12-29,226553,0,36760,25,134
2015-05-21,8228411,1115,861101,1115,56
2013-04-08,10115602,1115,1031717,1108,115
2015-02-12,6151076,0,734474,1114,131
2015-02-22,199419,0,35335,17,0
2014-05-21,7727052,1115,839270,1113,0
2014-10-23,6463607,935,734282,935,462
2013-07-17,8269168,1115,871697,1113,576
2014-03-16,213125,0,38502,27,0
2013-06-28,7625077,0,841770,1112,257
2014-03-21,7681649,1115,838189,1111,0
2013-07-08,6652999,0,808138,1111,409
2013-02-09,6161019,0,707682,1109,0
2014-04-20,186799,0,35030,32,134
2013-02-04,10333651,1115,1018386,1109,223
2013-06-14,6887448,0,810875,1111,0
2013-09-18,5438193,0,687725,1114,0
2015-04-22,6082195,0,721392,1115,0
2014-07-31,8284756,935,838786,930,823
2013-07-14,253582,0,43412,32,134
2013-03-20,7728892,1115,820715,1111,62
2014-11-30,242056,0,38606,17,0
2014-03-14,6447567,0,777216,1111,28
2014-09-07,228115,0,40338,31,22
2015-02-14,6701361,0,746789,1115,0
2015-06-14,269533,0,45271,32,0
2013-03-22,8245992,1115,901334,1111,62
2013-01-23,7746563,1115,821843,1107,0
2014-01-14,5785842,0,719948,1112,0
2013-11-27,6725418,0,766804,1115,0
2013-05-25,5806559,0,671302,1112,0
2014-09-04,6799830,935,750398,928,247
2014-03-20,7179418,1115,814730,1111,0
2013-12-06,8431475,1115,881559,1115,0
2014-12-20,7956411,0,817362,935,0
2015-07-27,10707292,1115,970462,1113,862
2013-04-07,189097,0,35217,31,0
2014-11-11,7083145,935,759736,935,0
2014-12-14,218670,0,36629,16,0
2013-08-14,8509505,1115,909775,1115,858
2015-07-23,6687068,0,760655,1113,710
2013-03-11,6194538,0,744922,1109,28
2013-12-15,214032,0,36978,17,0
2014-12-16,10621060,935,981596,935,0
2013-08-28,7838558,1115,844061,1113,595
2013-09-22,204164,0,36938,32,0
2015-03-15,244505,0,40284,30,0
2013-09-20,6042768,0,743017,1114,0
2014-12-25,155386,0,24451,16,935
2013-09-25,7390563,1115,814577,1115,0
2015-04-02,11400447,1115,1119146,1115,1087
2015-07-16,8373873,1115,868234,1112,573
2013-10-16,5933839,0,728359,1115,289
2013-05-10,8481406,0,970014,1111,424
2014-05-20,8264365,1115,883301,1113,0
2013-02-12,5563503,0,689894,1106,255
2015-04-23,6153519,0,733577,1115,0
2014-12-09,6329729,0,727050,935,0
2013-04-05,6622062,0,788012,1109,1009
2014-02-25,5697449,0,725970,1114,75
2015-05-22,8352281,1115,882255,1115,56
2014-12-02,8843822,935,865867,935,0
2013-11-11,6423778,0,788493,1115,0
2015-06-27,6538314,0,698346,1115,0
2013-08-11,243358,0,42451,32,112
2014-07-23,5068787,0,618345,929,688
2014-06-10,7416071,0,862173,1113,561
2013-10-29,6145546,0,750236,1115,650
2013-08-26,10302422,1115,1026494,1112,595
2013-11-12,6003149,0,732948,1115,0
2015-06-07,262497,0,45460,33,0
2013-09-13,8371696,1115,915379,1113,0
2013-07-10,6248496,0,751347,1112,409
2013-06-08,5993792,0,703254,1110,0
2014-08-14,5395023,0,652227,933,935
2014-05-29,292254,0,46904,31,0
2014-05-26,6489410,0,780164,1113,0
2014-02-24,6036002,0,770839,1114,75
2013-11-13,6028677,0,734978,1115,0
2013-05-06,6884920,0,839634,1110,28
2014-12-30,7665743,0,830067,935,935
2014-06-16,10692037,1115,1026601,1113,253
2013-07-11,6483182,0,772085,1112,409
2015-04-18,6569186,0,728846,1115,0
2015-07-18,6448982,0,699331,1113,0
2014-02-20,7738889,1115,852829,1114,111
2013-09-11,8285894,1115,871907,1112,180
2015-05-28,6974793,0,780710,1115,253
2014-12-01,10276971,935,965344,935,0
2015-07-17,7949337,1115,833653,1112,573
2014-11-06,7184058,935,765939,935,22
2014-01-18,6213031,0,711332,1110,0
2013-07-13,5987351,0,685630,1112,134
2015-06-05,9724893,1115,984452,1115,253
2014-11-26,7518283,935,771840,935,0
2013-02-13,6175147,0,754477,1109,255
2015-05-24,261385,0,43987,32,0
2013-07-26,6270667,0,744737,1114,935
2013-08-03,6320830,0,715334,1113,134
2015-06-10,6524741,0,752884,1115,0
2013-08-24,5397910,0,647011,1111,0
2014-01-04,6357259,0,723684,1115,112
2013-04-09,8418477,1115,894836,1108,115
2013-07-20,5941848,0,686036,1114,134
2013-12-03,10915444,1115,1051677,1115,0
2014-03-07,8486290,1115,923220,1115,208
2014-09-08,5655302,0,702725,930,95
2013-11-06,8224747,1115,859106,1115,0
2014-10-09,6816808,935,750548,935,322
2014-02-19,7855918,1115,837033,1114,111
2014-08-06,6709611,935,728267,932,935
2014-07-27,244638,0,44035,31,0
2013-08-06,6366382,0,769303,1113,880
2013-02-01,7203007,0,821946,1109,106
2013-02-08,7968566,1115,867065,1109,223
2013-07-02,8936605,1115,940849,1110,257
2014-10-12,240423,0,40268,30,0
2014-01-02,6980556,0,818375,1115,1115
2015-01-28,7930037,1115,811962,1114,0
2014-06-14,6574173,0,730605,1113,0
2013-03-25,10482556,1115,1044999,1110,1012
2015-02-06,8439787,1115,883368,1115,184
2013-10-22,7927560,1115,864183,1115,565
2014-11-08,5629423,0,640974,935,0
2014-12-03,8258019,935,812638,935,0
2013-07-01,10750990,1115,1072961,1110,257
2014-09-06,5010762,0,596300,930,22
2013-06-26,6028195,0,730467,1112,235
2014-09-17,6513743,935,723242,932,0
2014-02-16,190158,0,34894,17,0
2013-09-16,6130906,0,769479,1113,0
2013-08-01,8783485,1115,930162,1113,1087
2013-06-21,8406280,1115,909465,1112,120
2014-02-13,6180416,0,753399,1113,0
2014-12-07,196469,0,34630,16,0
2014-06-05,8812312,1115,914456,1113,56
2013-12-08,190125,0,34892,18,0
2015-06-26,6634687,0,760594,1115,0
2014-10-19,204991,0,35357,30,0
2013-01-16,5293020,0,660412,1105,0
2013-12-27,8168568,0,937104,1115,1115
2014-05-19,10104320,1115,1007594,1114,0
2014-03-22,6176931,0,705202,1109,0
2013-08-18,241793,0,42456,32,0
2014-07-25,5493418,0,651507,931,688
2015-03-31,11222913,1115,967655,1115,841
2014-12-04,8554042,935,847660,935,0
2013-06-27,6372971,0,750668,1112,257
2014-01-03,7024253,0,818253,1115,1115
2015-06-28,262669,0,44422,32,0
2014-08-15,5595129,0,662797,934,935
2015-02-08,208209,0,36064,17,0
2015-04-26,234093,0,40302,32,0
2013-01-13,144052,0,27044,18,0
2014-09-22,5277645,0,662419,934,0
2013-07-05,8384512,1115,916848,1111,257
2014-03-17,10311703,1115,1024867,1111,0
2015-02-20,8094451,1115,856296,1113,255
2015-01-24,5811369,0,641657,1114,0
2014-01-27,5689615,0,714492,1113,0
2014-12-22,11007641,0,1130014,935,935
2013-11-03,175864,0,33251,18,0
2013-06-25,5827831,0,714211,1112,235
2014-11-05,7493001,935,777506,935,22
2015-04-28,9302980,1115,909175,1114,0
2013-12-11,7364610,0,834467,1115,0
2015-06-09,6865990,0,781538,1115,0
2014-03-06,8444592,1115,908176,1115,208
2013-07-21,235211,0,45099,32,134
2014-02-08,6387706,0,722556,1113,0
2014-05-06,9073871,1115,933440,1115,0
2014-01-28,5790602,0,719520,1113,0
2014-02-26,5960448,0,740172,1114,75
2013-08-15,7029537,1115,790070,960,858
2013-07-04,8458325,1115,910326,1109,257
2013-02-25,5615365,0,711387,1112,0
2013-06-29,6909121,0,744871,1111,0
2015-01-16,8456148,1115,896671,1115,0
2013-08-02,8085626,1115,876003,1113,1087
2014-04-04,8575005,1115,914152,1114,22
2014-06-02,11662688,1115,1107845,1112,56
2015-05-07,8550616,1115,887351,1114,0
2014-11-01,3522395,0,405668,542,0
2014-06-24,6040970,0,742058,1111,0
2015-06-29,11916672,1115,1049017,1115,286
2014-05-03,6850332,0,771104,1114,0
2015-04-19,237342,0,42188,32,0
2013-04-12,8056347,1115,890127,1109,0
2015-06-08,7366781,0,830740,1115,0
2014-06-12,6939204,0,814557,1113,253
2013-11-25,7204808,0,823195,1115,0
2014-04-06,223163,0,39945,32,22
2013-10-26,5744750,0,681333,1115,0
2013-05-27,9944524,1115,998972,1112,253
2015-04-24,6367560,0,755706,1115,0
2013-04-02,7362049,0,894066,1109,1031
2014-04-08,6248167,0,746392,1114,22
2013-12-07,7231141,0,805445,1115,0
2014-03-19,7849900,1115,843215,1112,0
2014-03-25,5909575,0,725439,1109,0
2013-06-04,8526834,1115,914107,1112,0
2014-02-21,7862313,1115,856205,1115,111
2015-06-19,8458252,1115,870773,1114,0
2014-12-08,6560015,0,756799,935,0
2013-01-27,142848,0,27286,20,0
2014-08-20,7022798,935,758733,934,649
2013-03-18,10078195,1115,999770,1111,22
2013-01-02,6949829,0,834075,1111,1115
2015-02-13,7212357,0,831087,1115,131
2013-03-17,193072,0,34420,24,0
2013-06-30,252185,0,41765,31,0
2013-12-05,10296749,1115,995117,1115,0
2014-08-03,273058,0,46410,31,134
2015-03-24,6226359,0,741073,1114,0
2013-07-28,232442,0,42674,32,134
2014-11-07,7298281,935,779203,935,22
2014-11-19,4888765,0,592324,860,0
2015-07-19,298418,0,48005,32,0
2015-04-14,9166055,1115,916519,1115,115
2015-04-16,8396675,1115,873849,1115,115
2013-02-05,8841604,1115,911976,1109,223
2013-10-18,6319569,0,769390,1115,289
2014-02-18,8708285,1115,908533,1114,111
2013-07-23,5767497,0,708902,1114,862
2014-04-24,6039156,0,747952,1114,1009
2013-09-24,7922441,1115,858835,1114,0
2014-10-03,307988,935,51331,39,0
2013-02-06,8094803,1115,868206,1109,223
2015-03-10,6211021,0,735968,1113,28
2013-01-30,5909779,0,699110,1108,0
2013-01-28,5878702,0,736906,1107,0
2013-09-30,7660976,0,874726,1114,120
2013-04-24,7177730,1115,810410,1109,0
2014-05-25,224097,0,41751,32,0
2015-01-29,8024066,1115,823397,1114,0
2013-04-21,188406,0,34839,30,0
2013-01-31,7068567,0,802356,1108,22
2013-08-27,8397061,1115,891739,1112,595
2013-10-07,11062400,1115,1078134,1115,297
